customerID,first_name,last_name,email_address,phone_number,address,city,state,country,continent,postal_zip_code,gender
2000259,Kayla,Barrett,brittanyramos@example.org,349-683-9514x73065,717 Whitney Roads,Kathrynborough,Massachusetts,Japan,Asia,81587,female
2000260,Amanda,Reed,scollier@example.org,+1-999-308-9110,69075 Logan Circles Apt. 540,East Catherine,Rhode Island,Japan,Asia,6657,female
2000261,Steven,Tanner,haileysanchez@example.net,859-946-4140x24086,08560 Thomas Land,Williamshire,Missouri,Japan,Asia,20642,female
2000262,Jennifer,Forbes,belldonna@example.com,633-427-4977,5840 Warren Garden Suite 901,Delacruzville,Nevada,Australia,Oceania,21440,male
2000263,Kenneth,Berger,bdalton@example.net,(831)220-1833x906,693 Baker Dale,West Wendy,Colorado,Australia,Oceania,32756,female
2000264,James,Edwards,mary39@example.org,271-321-1561x9697,665 Campbell Streets Suite 966,Sherryton,Illinois,Japan,Asia,76717,male
2000265,Ann,Montgomery,michaelreese@example.org,7673757334,220 Barber Islands Apt. 664,East Todd,Iowa,Australia,Oceania,77976,female
2000266,Heather,Moore,mannmartin@example.com,278-606-3676x938,896 Greene Hill Suite 575,Josephburgh,Maryland,Australia,Oceania,2149,male
2000267,Joseph,Graham,suzannereeves@example.org,538.787.9102x4963,2563 Jessica Mountains Apt. 192,Kelseyview,Mississippi,Australia,Oceania,85290,female
2000268,Lisa,Ramirez,kristi04@example.com,(643)361-8721x12062,573 Bailey Lights Suite 941,West Deniseland,Connecticut,Japan,Asia,58198,female
2000269,Sierra,Jones,zgomez@example.net,(645)797-8952x96710,579 Butler Avenue Apt. 753,Michaelmouth,AK,USA,North America,66393,female
2000270,Tyler,Jackson,stephanieshaw@example.net,001-517-875-1644,92604 Michelle Bridge Apt. 881,Port Brianton,Washington,Australia,Oceania,32645,male
2000271,Rachael,Lowe,jonathan06@example.net,+1-414-570-3089x7009,941 Carolyn Station Apt. 521,Willieborough,Kentucky,Australia,Oceania,64820,male
2000272,Shelly,Rogers,lnorris@example.com,584.397.7876,48472 Oconnell Shore,New Michael,Kentucky,Japan,Asia,63656,male
2000273,Heather,Greene,emilymartin@example.com,(835)366-8761,917 Tammie Fords Apt. 328,Davieshaven,West Virginia,Japan,Asia,10992,male
2000274,Paul,Hartman,chavezronald@example.net,(361)632-1020x37607,632 Michael Grove,Fryeburgh,MS,USA,North America,94447,male
2000275,Katherine,Anderson,wilsoncrystal@example.com,387-748-4056,24200 Gibson Shore Suite 559,North Charlotte,PW,USA,North America,89124,female
2000276,Ryan,Zamora,xlong@example.org,787.792.1151x21424,9803 George Wells,Daniellehaven,Michigan,Japan,Asia,86870,female
2000277,Kerri,Davis,denisewilliams@example.com,001-373-800-4811x97189,390 Kevin Drive,East Cherylburgh,UT,USA,North America,39619,female
2000278,Jessica,Pierce,smithbrian@example.org,+1-600-351-9638x171,32478 Alexis Radial Apt. 999,Moraleston,Idaho,Australia,Oceania,94811,male
2000279,Rebecca,Brown,joanochoa@example.net,868-647-8400,25765 Kathryn Mission Apt. 848,South Paige,PA,USA,North America,64255,female
2000280,Adam,Gonzalez,tracifischer@example.com,001-621-286-3068x831,84988 Levy Key Suite 759,Travisbury,Ohio,Japan,Asia,59506,female
2000281,Elizabeth,Woods,mjoseph@example.org,803-567-2082x8059,5533 David Stravenue Apt. 051,Donaldshire,FM,USA,North America,3067,male
2000282,Walter,Young,barbara61@example.net,+1-828-312-2130,90608 Silva Fall,Juliabury,Kansas,Australia,Oceania,95705,female
2000283,Jessica,Mcmahon,enguyen@example.net,690-382-5710x204,14044 Blair Squares,Grayport,CO,USA,North America,34685,male
2000284,Derrick,Davenport,asmith@example.com,(683)937-0462x85671,7575 Mark River,Port Michaelborough,Florida,Australia,Oceania,4979,male
2000285,Denise,Ramos,stephenbradley@example.org,(606)630-7121,7617 Larry Street,New Lauren,Ohio,Japan,Asia,33296,female
2000286,Amanda,Soto,santoslaura@example.org,(205)906-0436x2321,75541 Bobby Ports Suite 549,Garciaton,KS,USA,North America,63977,female
2000287,Matthew,King,amy30@example.net,001-498-875-6454x0893,9963 Torres Fall,North Ginaborough,NV,USA,North America,91743,female
2000288,Matthew,Williams,hdiaz@example.org,841.417.0223x1466,55901 Benson Summit,New Jamesborough,Idaho,Australia,Oceania,40306,female
2000289,Jennifer,Ramos,fhunt@example.org,+1-438-770-7979x0794,589 Trujillo Station,Duffyside,MA,USA,North America,16548,male
2000290,William,Ruiz,william58@example.org,(501)549-6875,3425 Williams Ramp Suite 292,New Sarahland,Washington,Japan,Asia,20906,male
2000291,Dustin,Evans,lisasimpson@example.net,615.732.0839,874 Curtis Vista,Port Reginaburgh,KS,USA,North America,9438,female
2000292,Nathaniel,Sharp,barrkiara@example.com,+1-969-734-3287x5960,3693 Brown Ville Apt. 027,Perezhaven,MO,USA,North America,95946,female
2000293,Jessica,Beck,aevans@example.com,3149322083,275 Perez Turnpike Apt. 342,Bryantport,Arizona,Japan,Asia,48740,female
2000294,Richard,Martinez,cooksara@example.org,895-274-7652,882 Tammy Walk Suite 174,Lake Scott,Maine,Australia,Oceania,15719,male
2000295,Carl,Cook,tom16@example.com,001-970-322-5500,5003 Bates Trail,North Candice,MO,USA,North America,43738,male
2000296,Thomas,Miller,ericbarton@example.com,807-883-4973,349 Bautista Course,West Michaelshire,MA,USA,North America,21657,male
2000297,Nathan,Weaver,jeffrey77@example.net,2344061917,7057 West Junction Suite 274,Jamesville,NY,USA,North America,80363,male
2000298,Jessica,Golden,zkirk@example.net,(958)204-6182x1563,0411 Jackson Gardens,Sharonmouth,PR,USA,North America,96710,female
2000299,Gloria,Moore,mholland@example.org,231-280-6373x44149,040 Nelson Throughway,North Adam,Hawaii,Australia,Oceania,7145,female
2000222,Megan,Ali,kristenthompson@example.com,001-866-956-2069x3071,796 Morris Way,East Stephaniestad,OK,USA,North America,52779,female
2000223,Arthur,Mccann,cassidy80@example.net,553-777-9091x6007,62206 Larsen Island Suite 173,Brianmouth,West Virginia,Japan,Asia,20733,male
2000224,Mary,Dalton,dcarter@example.net,(762)466-3211x19111,223 Blake Mission,South Michaelberg,Utah,Australia,Oceania,42566,female
2000225,Gary,Lawrence,kylebecker@example.net,395-604-9961x885,019 Waller Trail,Smithland,Alabama,Australia,Oceania,72451,male
2000226,Leslie,Macdonald,wilsondevon@example.org,573-257-7334,09526 Todd Cliff Apt. 602,West Gregorybury,Wisconsin,Australia,Oceania,26803,female
2000227,Mary,Zuniga,emartinez@example.net,001-651-917-8528x97132,964 Jacob Inlet,North Alexandra,Illinois,Australia,Oceania,75725,male
2000228,Nicole,Johnson,lewischristopher@example.org,651-356-5102x22222,238 Guerra Prairie,Robinsonstad,Illinois,Australia,Oceania,48237,female
2000229,Jennifer,Holmes,charlescompton@example.com,208.996.6661,75813 King Loop,East James,DE,USA,North America,90852,male
2000230,Courtney,Knight,parkjeanette@example.net,(377)924-4645x8197,131 Carrie Lane Apt. 570,West Jamesshire,New York,Japan,Asia,60438,female
2000231,Melissa,Lara,nicolepope@example.com,507-852-8306x194,27319 Dennis Trace,Billbury,ND,USA,North America,90058,female
2000232,Antonio,Zimmerman,hray@example.org,(571)713-8743x2527,2679 Hart Highway Apt. 979,Wardmouth,Montana,Japan,Asia,49821,female
2000233,Michael,Torres,ggriffin@example.org,(258)333-3397x6318,700 Porter Rapid,Cookmouth,CA,USA,North America,6893,male
2000234,Tracy,Kaufman,parrishedwin@example.org,(816)741-2745,99511 Warren Spurs Suite 971,West Sethton,Washington,Australia,Oceania,66516,male
2000235,Gina,Johnson,loweashley@example.org,001-854-909-7027,98761 Hall Viaduct Suite 154,Valeriemouth,MN,USA,North America,9027,female
2000236,Judith,Chandler,juan75@example.net,619-899-1347x7551,50748 Cooper Courts,East George,Mississippi,Japan,Asia,81031,male
2000237,Leslie,Bradley,foleyvincent@example.org,+1-971-565-2386x41679,077 Robert Pass Suite 257,Terriland,Connecticut,Japan,Asia,17543,female
2000238,Charles,Martinez,gmartin@example.net,(491)473-5457x40543,271 Brown Stream Apt. 199,West Christophertown,Texas,Australia,Oceania,9433,male
2000239,Jennifer,Johnson,markowens@example.org,(388)803-4516,89581 Jessica Canyon Apt. 673,Gonzalezberg,Minnesota,Australia,Oceania,28728,male
2000240,Brent,Herrera,peter90@example.org,942-947-8385,5202 Jacob Via,Williamsonton,Texas,Australia,Oceania,58628,male
2000241,Chase,Castillo,crystalmartinez@example.org,(985)593-4391x23005,534 Jonathan Center,Smithmouth,Rhode Island,Japan,Asia,82996,male
2000242,James,Evans,cgarcia@example.com,001-525-662-1156x0500,0863 Rogers Cape,Samuelview,Hawaii,Australia,Oceania,55946,male
2000243,Robert,Mcgrath,grantrobert@example.net,(203)418-8407x15115,12056 Robert Rapid,Harrisfort,Maryland,Australia,Oceania,44248,male
2000244,Tina,Garza,cassandra78@example.net,(650)698-3042x083,055 Rowland Light Suite 027,North Jasonville,Vermont,Australia,Oceania,19226,male
2000245,Juan,Lewis,davidcarr@example.com,+1-398-485-0516,706 Marissa Ports Suite 300,South Lindatown,TN,USA,North America,92443,male
2000246,Jennifer,Alvarez,rushrachel@example.net,(938)896-8714x16027,425 Hudson Run Suite 490,East Heatherbury,Arkansas,Japan,Asia,45989,female
2000247,Jesse,Hall,kstewart@example.org,692.941.2259,0685 Edgar Loop Apt. 832,Jamesview,AK,USA,North America,14944,male
2000248,Chad,Mills,william54@example.net,+1-277-610-0030x390,55032 Gordon Point Apt. 218,West Maria,Arizona,Australia,Oceania,52103,male
2000249,Crystal,Donovan,johnfarmer@example.com,631.724.2438,901 Ballard Square Apt. 759,East Hollyborough,Maine,Australia,Oceania,55574,female
2000250,Lisa,Cox,taylorbrittany@example.com,611-668-5961x0990,592 Dalton Crossing Suite 097,Rebeccamouth,Texas,Japan,Asia,5607,female
2000251,Kirk,James,julie08@example.net,730.286.7744,00894 Kemp Dale,East Beverlybury,Colorado,Japan,Asia,42283,male
2000252,Gregory,Carter,hillkayla@example.net,316-235-7435,5914 Justin Hill Suite 898,Neilberg,New Mexico,Japan,Asia,6651,male
2000253,Julie,Boone,smallgregory@example.org,746-953-1518x699,63684 Michael Mill,Mollyborough,Texas,Japan,Asia,4758,male
2000254,Tracy,Farley,theodore30@example.org,001-920-488-9337x581,8495 Berry Bypass Suite 332,Port Robin,IL,USA,North America,78903,male
2000255,Robert,Mendez,christopher63@example.net,+1-614-510-1452x596,487 Zachary Drive Suite 126,West Leah,MP,USA,North America,93462,male
2000256,Janet,Jones,debbiebell@example.net,813.442.5919x05385,808 Taylor Stravenue Suite 535,Kingtown,Illinois,Japan,Asia,45002,male
2000257,Gabriel,Campbell,gutierrezhailey@example.net,(425)572-1099,168 Hunter Harbor Apt. 928,Craigmouth,New Jersey,Japan,Asia,15896,male
2000258,Charles,Webster,raymond75@example.org,(533)385-3806x697,7469 Rose Fall,North Jacob,Mississippi,Australia,Oceania,87182,male
2000185,Dawn,Medina,smithchristine@example.com,001-816-421-3013x60329,144 Austin Crossing,Port Jenniferton,Kansas,Australia,Oceania,65361,female
2000186,Erin,Brown,awhite@example.net,949-894-0707,94357 Clay Creek,Jeffreyville,Nebraska,Japan,Asia,23853,male
2000187,Sue,Mejia,taylorreyes@example.org,423.823.9822,833 Sarah Points Apt. 974,Barrberg,NE,USA,North America,73571,female
2000188,Dana,Butler,andreaburns@example.net,(213)541-0600,234 Willis Pike Suite 521,Elliottshire,New Jersey,Japan,Asia,35429,male
2000189,Scott,Andrews,gary98@example.com,362-263-3989,30415 Turner Knoll Suite 514,Robinsonberg,Georgia,Australia,Oceania,22662,male
2000190,Elaine,Jacobs,xdickerson@example.org,528.787.1534,7909 Johnson Causeway Apt. 890,North Michellemouth,Alabama,Japan,Asia,19360,male
2000191,Rebecca,Archer,shelley23@example.org,694.969.9188x515,66621 James Point Suite 003,Port Daniel,New York,Japan,Asia,25317,female
2000192,Adrian,Johnson,michealgonzales@example.com,001-292-235-0776x567,25774 Buckley Island,Lake Glenda,Missouri,Australia,Oceania,72307,female
2000193,Sean,Jordan,mosleyjeremiah@example.org,201.853.6511x5916,601 Lowe Isle,New Jamesstad,Iowa,Japan,Asia,96139,female
2000194,Sara,Blake,brandon57@example.org,504-379-3814x779,32937 Cox Tunnel Suite 030,East Amanda,TX,USA,North America,90828,male
2000195,Joshua,Peterson,brian71@example.net,(407)367-1106x681,43042 Vincent Drive Suite 749,West Denniston,Nevada,Australia,Oceania,96320,female
2000196,Nicholas,Hobbs,mcdowelljohn@example.com,001-285-455-1732,7383 Calderon Trail,Mariefort,Washington,Australia,Oceania,68352,male
2000197,Alexander,Diaz,brianbartlett@example.org,+1-893-876-1543x750,3977 Wallace Trace,South Lindaton,Virginia,Japan,Asia,34215,female
2000198,Andrew,Jackson,hreed@example.org,(762)691-5934,088 Howell Way Apt. 637,Villegasville,HI,USA,North America,5562,male
2000199,Briana,Campbell,theodore94@example.com,001-284-731-2302x4594,125 Robert Prairie Suite 565,Galvanborough,Missouri,Japan,Asia,52649,male
2000200,Jessica,Kelley,williamdavis@example.net,(883)976-3731x109,2780 Jeffrey Knolls Suite 493,Kristinville,Wisconsin,Australia,Oceania,63903,male
2000201,Mark,Mata,ugonzalez@example.com,+1-479-285-3357x9170,7238 Parker Viaduct Apt. 158,East Thomasberg,MS,USA,North America,56155,female
2000202,Joshua,Davis,esnow@example.net,(946)977-8975,51942 Jesse Radial,East Alexiston,Kansas,Australia,Oceania,98394,male
2000203,Jenna,Gilbert,cbates@example.com,646-209-2215x522,043 Christian Springs Suite 005,Melissamouth,KY,USA,North America,71047,male
2000204,Robert,Massey,loriestrada@example.net,001-708-383-2908x28900,186 Kramer Ranch Apt. 835,Johnfurt,NH,USA,North America,46416,female
2000205,Jeffery,Green,donna29@example.org,254-984-2052,776 Zachary Hills,Joshuamouth,Iowa,Australia,Oceania,76708,female
2000206,Charles,Cook,thomasrachel@example.com,786.300.4605x012,713 Jennifer Overpass Suite 698,Lake Jamesport,ME,USA,North America,92670,female
2000207,Betty,Casey,victorparsons@example.org,001-494-302-8652x19122,7629 Jacobs Island Apt. 589,Lake Williamfort,Connecticut,Australia,Oceania,9149,male
2000208,John,Ponce,kgreen@example.com,001-576-206-7718,640 Jonathan Heights,Anthonyview,MS,USA,North America,66970,female
2000209,Cameron,Rice,emily18@example.com,512.423.1043x25744,98269 Jay Prairie,Jacobmouth,PA,USA,North America,76277,female
2000210,Tom,Lambert,robertfischer@example.org,+1-569-333-7100x8329,631 Kimberly Spur,New Jose,Texas,Australia,Oceania,64407,male
2000211,Tina,Erickson,uedwards@example.org,+1-508-670-6974x01967,7938 Kendra Turnpike,South Frankfurt,Massachusetts,Japan,Asia,57211,male
2000212,Lawrence,Turner,dhensley@example.com,243-905-6469x96028,234 Tiffany Mountain Apt. 808,Wendyshire,AZ,USA,North America,11904,male
2000213,Kelly,Ball,evansmike@example.net,+1-445-832-6303x47297,7465 Yates Burgs Apt. 023,Davidbury,NE,USA,North America,55738,female
2000214,Benjamin,Dorsey,sandrablevins@example.com,+1-722-652-2895x0183,070 Hannah Row Suite 870,Lake Dustin,OK,USA,North America,39970,female
2000215,Nicole,Zuniga,jessicalawrence@example.com,588-380-1347x250,310 Wood Pines Apt. 776,South Lindseymouth,California,Japan,Asia,12426,female
2000216,Rebecca,Mitchell,jkrueger@example.org,+1-568-388-9570x3994,32353 Louis Landing Apt. 060,North Ryan,Nevada,Japan,Asia,60932,female
2000217,Mia,Reed,wmills@example.org,(269)497-8688x78549,406 Snyder Park Suite 057,West Sarahton,South Dakota,Australia,Oceania,52410,female
2000218,Tiffany,Garcia,adkinsfrederick@example.com,(958)990-3188x025,944 Williams Prairie,Floydborough,Alabama,Japan,Asia,57357,female
2000219,Joshua,Griffin,samuelwilliams@example.org,457-674-5874,58640 Martin Tunnel Suite 831,Andreafurt,Nevada,Japan,Asia,1661,female
2000220,Christine,Rivera,lanemegan@example.org,(727)286-8565,72537 Durham Shores Suite 208,Taylorshire,Arizona,Australia,Oceania,48488,female
2000221,Kaitlyn,Martinez,cassandrashaw@example.org,545.967.7847,566 Thomas Springs,Port Ianshire,MD,USA,North America,47795,male
2000111,Kevin,Bowen,adam15@example.com,+1-587-890-1539,59876 Hammond Motorway,New Davidview,Connecticut,Australia,Oceania,48820,female
2000112,Lorraine,James,floreskayla@example.net,466.557.6091x1511,0668 Joshua Square Apt. 830,North Joshuachester,Kentucky,Australia,Oceania,36759,female
2000113,Brian,Miller,smithderek@example.net,507.292.1337,9730 Brian Shoals,Ericksonton,AR,USA,North America,88982,male
2000114,Benjamin,Edwards,mknapp@example.org,001-931-908-7984,3192 David Tunnel Apt. 471,New Amber,Washington,Japan,Asia,55805,female
2000115,Barry,Taylor,george89@example.org,(237)532-2214x8562,522 Hopkins Walk Suite 923,Brownport,Michigan,Australia,Oceania,36556,female
2000116,Lindsey,Garcia,xgreen@example.org,970.829.6757x12935,027 Hartman Row Suite 437,Antonioshire,NM,USA,North America,59560,female
2000117,Thomas,Gibson,holmeselizabeth@example.com,(876)676-7766x76584,030 Lopez Inlet Apt. 806,Palmerview,DC,USA,North America,60906,female
2000118,Todd,Wilson,loganbarnes@example.com,001-575-414-6958x1843,2698 Leblanc Junctions,Halltown,MN,USA,North America,22699,female
2000119,Tiffany,Bowman,elizabeth04@example.com,977.496.0897,7100 Webster Meadow,Zhangburgh,MD,USA,North America,53520,male
2000120,Ashley,Turner,xzhang@example.com,001-725-844-1381x01435,484 Sara Harbor Apt. 845,Danielmouth,Kentucky,Japan,Asia,97355,female
2000121,Tamara,Hughes,robertdixon@example.org,001-462-823-7921x8932,73105 Erica Crest,Smithfort,AL,USA,North America,32925,female
2000122,Tina,Cruz,cfoster@example.net,(258)686-4697x92986,22045 Brandy Street,South Amy,MT,USA,North America,28187,male
2000123,Richard,Mullins,schmidtjames@example.org,9216374288,0321 Ryan Walks Apt. 871,New Emmaview,Tennessee,Australia,Oceania,2779,male
2000124,Natalie,Garcia,chadcollins@example.org,389-887-3173,57423 Linda Fords,Rodriguezside,Vermont,Japan,Asia,46497,female
2000125,Nicole,Williams,elijah33@example.com,+1-425-594-6236x460,53948 Andrea Valleys,Johnsonstad,Louisiana,Japan,Asia,60369,male
2000126,Brendan,Garcia,jbrooks@example.com,(760)817-0212,86896 Spencer Villages Suite 995,Michaelburgh,PW,USA,North America,73692,male
2000127,Ashley,Chavez,margaret27@example.org,+1-885-244-1914,615 Norris Fort,Philiptown,California,Japan,Asia,45793,male
2000128,David,Ritter,webermelanie@example.org,665.465.2736,88571 Benson Orchard,Elizabethshire,Oregon,Australia,Oceania,55264,female
2000129,Brianna,Martin,slin@example.org,+1-468-952-2963x80194,0850 Jessica Key Apt. 126,Beverlyshire,Arkansas,Japan,Asia,56265,male
2000130,Lori,Smith,anthony64@example.net,871.612.8119x06680,93716 Snyder Estates Suite 462,New Michaelfurt,Oregon,Australia,Oceania,13827,female
2000131,Kimberly,Simmons,jacqueline34@example.org,+1-710-513-2701,36362 Michael Park,New Timothyside,AL,USA,North America,32746,female
2000132,Shelly,Johnson,roberta21@example.com,+1-517-351-9600x7418,7231 Nash Isle,New Stanley,South Carolina,Australia,Oceania,41933,male
2000133,Leslie,Miller,qroberts@example.com,822-424-6013x91719,36929 Jennifer Mount Apt. 202,Port Johnburgh,GU,USA,North America,58509,female
2000134,Charles,Wong,mcrawford@example.org,7222934327,995 Shannon Overpass,Houstonside,New Jersey,Japan,Asia,60812,female
2000135,Brian,Mercado,hmcintyre@example.com,001-302-637-9966x12729,935 Randy Ways,East Joseph,South Dakota,Australia,Oceania,98071,male
2000136,Thomas,Manning,tvaughan@example.org,462.527.2954,1892 James Row Suite 589,Javierfort,PW,USA,North America,1123,male
2000137,Mikayla,Ho,jaredpace@example.org,001-884-801-8046x457,700 Michael Points Suite 466,Tamichester,Delaware,Australia,Oceania,27401,female
2000138,Shawna,Banks,devans@example.net,276-715-3718x764,0319 Shannon Junction,Port Laurenview,Arizona,Japan,Asia,34514,female
2000139,William,Wagner,brownbrian@example.net,(540)622-7482,37384 Roberts Gateway Suite 891,Fosterstad,FM,USA,North America,5772,female
2000140,Eric,Stephenson,christopher75@example.net,001-924-973-5296x7924,6280 Lynn Drive,New Richardmouth,MD,USA,North America,23053,male
2000141,Danny,Roberts,bestbailey@example.org,4522474105,52830 Ronnie Harbors Suite 112,Port Cherylhaven,Illinois,Australia,Oceania,35139,male
2000142,Harry,Allen,mnewman@example.com,+1-401-302-5000,38880 Joseph Lights,Lake Jeffreyhaven,TX,USA,North America,46102,female
2000143,Amy,Christian,catherine87@example.com,+1-275-385-4375x940,5591 James Burg,Castroburgh,OH,USA,North America,36660,female
2000144,Wesley,Jordan,ryan71@example.com,503.782.1412x11999,18023 Maria Ridges Apt. 078,East Audreystad,California,Australia,Oceania,49459,female
2000145,Ann,Bullock,jeremyfischer@example.net,+1-234-882-8857x4374,692 Nelson Alley Suite 982,Juanland,New Mexico,Australia,Oceania,46389,female
2000146,Dustin,Meyers,maryschmitt@example.net,(813)928-0087x664,0262 Berry Shores Apt. 038,East Carla,Nevada,Japan,Asia,98591,female
2000147,Kimberly,Oconnell,nwelch@example.com,001-381-697-5054,969 Clark Shoal Apt. 166,Hansenberg,Indiana,Australia,Oceania,21955,male
2000037,Cynthia,Vega,mitchellcolleen@example.net,(509)293-2155x5876,528 Allen Turnpike,Justinshire,Iowa,Japan,Asia,36533,male
2000038,Gregory,Flores,plucas@example.org,001-779-903-6659x127,499 Scott Isle,West Malikland,ND,USA,North America,38548,female
2000039,Kyle,Jennings,wallacechristopher@example.net,+1-963-751-6331x266,0667 Bryant Throughway,New Jerryview,AS,USA,North America,73206,male
2000040,Jesse,Mcmillan,ashleyguerra@example.net,(739)460-0995,698 Kevin Plains,East Antoniomouth,Minnesota,Japan,Asia,73722,male
2000041,Kathleen,Rogers,walkerjoshua@example.org,001-717-261-5326x436,14589 Martinez Hill,Lake Donnaberg,Arkansas,Japan,Asia,90376,female
2000042,Richard,Smith,wdavidson@example.net,797.676.9570x485,071 Crawford Ridges Apt. 309,Edwardton,South Dakota,Australia,Oceania,7775,male
2000043,Kelly,Adams,denisewilliams@example.net,001-587-353-5500x53146,13185 Steven Dam Apt. 117,New Eric,NH,USA,North America,97787,female
2000044,James,Snow,willie41@example.com,(673)529-2841,24635 Greene Groves Suite 597,North Howardborough,HI,USA,North America,51371,male
2000045,Heidi,Conrad,lawrencedavis@example.org,(592)492-1197x53437,67752 Tate Circles Suite 879,Port Scottton,MD,USA,North America,92126,male
2000046,Darren,Howard,jonescarolyn@example.net,753-404-9713x9416,142 Abbott Ridges Apt. 691,Banksmouth,Virginia,Australia,Oceania,52880,male
2000047,Andrea,Sanchez,johnjackson@example.net,(388)500-2993,061 Stephens Stream,South Kevinbury,WI,USA,North America,65582,male
2000048,Elizabeth,Watkins,williamsruth@example.net,562-451-7585,55000 Jacobson Port Suite 319,New Linda,New York,Japan,Asia,21521,male
2000049,Melissa,Peters,ebrooks@example.org,422-765-5148x511,52584 Gary Burg,West Erinburgh,Ohio,Australia,Oceania,35966,female
2000050,Justin,Rowe,michael64@example.com,910-968-7522x7426,52350 Bailey Stravenue,New Destiny,OH,USA,North America,85598,female
2000051,Michael,Crawford,lauriejackson@example.org,+1-562-578-5384x4238,0727 Marsh Ranch,Loriside,California,Japan,Asia,63070,female
2000052,Brian,Thompson,taylor74@example.org,+1-455-913-4582x52112,389 Copeland Coves,North Nicole,Illinois,Japan,Asia,7174,female
2000053,Phillip,Lynch,hoconnor@example.net,645.456.8157x3024,1097 Wong Tunnel Apt. 984,Port Angela,Wisconsin,Australia,Oceania,8228,male
2000054,Mark,Spencer,hklein@example.org,001-902-420-4665x213,10684 Smith Unions,South Mariatown,Utah,Japan,Asia,90509,male
2000055,Jessica,Armstrong,ujohnson@example.com,(784)453-3248x50625,77892 Ryan Cape,Lake Patrick,NM,USA,North America,96264,male
2000056,Oscar,Goodwin,qmaddox@example.net,3649557328,04865 Mary Rapids Apt. 660,Kellybury,Georgia,Japan,Asia,24054,male
2000057,Kelly,Davis,timothy20@example.net,963-849-8105x74952,9438 Carr Squares Suite 830,Garcialand,New Hampshire,Japan,Asia,40749,male
2000058,James,Sanchez,conniedoyle@example.com,292.881.0037x20775,50611 Cook Drive,Jenniferstad,Indiana,Australia,Oceania,75896,female
2000059,Dakota,Robertson,stacymeyer@example.org,757.795.7169x37003,341 Carlson Points,East James,PR,USA,North America,28094,male
2000060,Sean,Ramirez,kellysullivan@example.com,220-729-3501,2419 Turner Mountains Apt. 293,Jeffreyshire,Nevada,Australia,Oceania,13085,female
2000061,Darin,Campbell,misty73@example.com,425-963-5073,342 Jacqueline Isle Apt. 684,Davisburgh,Maine,Japan,Asia,38855,male
2000062,Megan,Sherman,fgarcia@example.org,613.251.3520x363,01746 Sanchez Trafficway Suite 562,Payneberg,Ohio,Japan,Asia,85246,male
2000063,Shane,Green,reneevillanueva@example.net,438-377-0234x50378,91313 Hunter Center,West Matthewview,Wyoming,Japan,Asia,40178,female
2000064,Amanda,Murray,leenatalie@example.net,+1-881-205-2480x436,4221 Miranda Avenue,Brookemouth,New Jersey,Japan,Asia,13581,male
2000065,Matthew,Acosta,washingtonshannon@example.org,823-703-6329x60550,5547 Powers Station Apt. 732,Williamsstad,PW,USA,North America,84340,female
2000066,Nancy,Clarke,tiffanycurtis@example.com,001-447-301-0540,03790 Wallace Corners Suite 508,East Donnaville,HI,USA,North America,9351,female
2000067,Christopher,Williams,cgraham@example.net,392.267.5287x66973,4768 Sharp Forest,Lake Kaitlin,Utah,Australia,Oceania,43022,male
2000068,Jesse,Clark,watsonrobert@example.com,472.293.1258,70165 Martin Junction Apt. 784,Port Moniqueborough,Kentucky,Australia,Oceania,12116,male
2000069,Michelle,Chen,ashleyanderson@example.com,+1-928-811-1758x410,160 Moore Turnpike Apt. 957,Glenville,IN,USA,North America,38254,female
2000070,Martin,Marshall,charles59@example.net,001-824-258-2310x6495,00367 Stevens Stravenue,Jonesburgh,Hawaii,Australia,Oceania,18934,male
2000071,Mary,Mason,reevesjoshua@example.com,543-532-4156,9259 James Lock,Traviston,Arkansas,Australia,Oceania,14321,female
2000072,Robert,Santiago,qruiz@example.org,+1-829-436-4296,52800 Thompson Mountain,New James,OR,USA,North America,55760,female
2000073,Tracy,Higgins,scotttammy@example.com,577.853.2129,66366 Daniel Expressway Suite 642,Jamesberg,MI,USA,North America,6181,male
2000148,Douglas,Barnes,lopezelizabeth@example.com,756.464.3566x5152,11032 Gregory Spurs Apt. 312,Griffinberg,Minnesota,Japan,Asia,65222,male
2000149,Makayla,Walsh,moorepatrick@example.org,(337)988-3880,48044 Martinez Loaf Suite 632,Rachelborough,IN,USA,North America,30565,male
2000150,Bryan,Jackson,christinacervantes@example.net,+1-865-762-9132,5520 Heather Grove Apt. 933,Hamptonfurt,New Mexico,Australia,Oceania,79722,female
2000151,Eric,Kennedy,ysloan@example.com,+1-663-946-3962x092,7091 Nicole Wells Apt. 343,Kaylachester,DC,USA,North America,47330,female
2000152,Jeffery,Whitney,erios@example.net,4148110817,658 Monica Drives,Anthonyport,Alaska,Australia,Oceania,61816,male
2000153,Shelby,Pratt,ojohnston@example.com,001-212-328-1233,85997 Evan Cliffs,Kyleshire,Pennsylvania,Australia,Oceania,88834,male
2000154,Meredith,Wilson,johnny60@example.org,(353)370-3255x134,23020 Davis Ferry Suite 249,Tranmouth,Mississippi,Japan,Asia,63586,male
2000155,Jessica,Green,roachadam@example.com,437.418.3006,24071 Douglas Spurs,West Claytonshire,Georgia,Japan,Asia,27240,male
2000156,Megan,Horton,danielcoleman@example.com,001-719-961-9988x239,074 Kristin Lake Apt. 115,New Jessica,OR,USA,North America,67334,female
2000157,Laura,Morris,wgray@example.net,6592313215,50431 Obrien Highway Suite 109,Port Chad,Missouri,Japan,Asia,69630,male
2000158,Diana,Moore,mariomcgrath@example.net,+1-383-810-6611x189,15711 Mccarthy Meadows Apt. 925,Tommystad,Colorado,Japan,Asia,12947,female
2000159,Hector,Mcfarland,sean09@example.net,297-617-9034x19273,987 Matthew Courts Suite 125,East Matthew,Florida,Japan,Asia,95682,female
2000160,Kristin,Brown,tinawoods@example.com,374.416.6134x90511,0955 Campbell Spur Apt. 755,New Anthonystad,Maine,Japan,Asia,18603,male
2000161,Joanne,Hernandez,gary84@example.org,001-642-216-2266x5643,621 Larson Mission Suite 180,New Albert,Louisiana,Australia,Oceania,10877,male
2000162,Jeffrey,Goodwin,josephmichael@example.org,+1-408-332-8501x0243,875 Lynn Squares,Toddberg,Kentucky,Japan,Asia,95224,female
2000163,Alisha,Johnson,mlivingston@example.com,+1-987-471-5002x74683,141 Sullivan Creek,North Aaron,Arizona,Australia,Oceania,49401,female
2000164,Nicole,Underwood,phillip72@example.org,830-899-2732,682 Connie Path Suite 258,East Austin,Washington,Japan,Asia,53102,male
2000165,Lauren,Moore,carrie05@example.com,001-547-429-3747,687 Collin Mountains Suite 935,Jenniferfurt,Maine,Australia,Oceania,98351,female
2000166,Matthew,Ramos,josephbrittany@example.com,001-727-445-1729x5889,857 Charles Springs Apt. 812,Martinfurt,MS,USA,North America,42043,female
2000167,Dennis,Chapman,julie30@example.org,(256)781-1238x217,7359 Maria Curve Apt. 730,Johnsonfort,Hawaii,Japan,Asia,21563,female
2000168,Bridget,Downs,daniel33@example.net,550-695-9296x989,26056 Keller Coves,Lake Cynthia,ID,USA,North America,42771,female
2000169,Candace,Reyes,brian04@example.net,839.420.8172,86272 Samuel Row Suite 697,Jerryfort,Michigan,Australia,Oceania,36390,male
2000170,Allison,Mitchell,mariafarmer@example.org,(677)826-0381x751,924 Hendricks Cliff Apt. 811,Gonzalezville,Wisconsin,Japan,Asia,49839,male
2000171,Lauren,Blake,thomasjones@example.net,346.234.7061,509 Nancy Fork,Roberttown,Washington,Japan,Asia,53529,female
2000172,Kimberly,Smith,jamesrichardson@example.net,278.949.5439,6652 Jamie Drive,Wilsonmouth,OH,USA,North America,31550,male
2000173,Jessica,Fisher,rickythomas@example.com,(646)731-3516,20965 Patton Passage Suite 290,Charlesshire,Arkansas,Australia,Oceania,96083,female
2000174,Andrew,Cole,johnsonpaul@example.com,001-558-333-4877,62349 Walker Turnpike,Rollinsberg,CT,USA,North America,97022,female
2000175,Donna,Watkins,reneemiller@example.com,+1-560-357-5116,351 Parker Fords,North Joshuaport,PA,USA,North America,90351,male
2000176,Matthew,Hayes,carriemoore@example.com,(236)471-0294,51810 Erin Villages Apt. 192,Carlafurt,GU,USA,North America,66357,female
2000177,Jennifer,Taylor,godom@example.org,(482)489-7660,881 Kevin Ferry,Melindastad,Colorado,Japan,Asia,93639,male
2000178,Tracy,Montoya,szamora@example.net,440-297-7469,5074 Anthony Square Apt. 525,North Erin,Georgia,Australia,Oceania,33114,male
2000179,Eugene,Powers,jmoore@example.net,+1-557-730-8977x32661,942 Deleon Green Suite 309,Andersonside,Oregon,Australia,Oceania,65385,male
2000180,Janet,Pierce,jimmy07@example.org,001-721-380-2486x625,13012 Moran Way Apt. 856,Ortegaland,Idaho,Australia,Oceania,91232,female
2000181,Elizabeth,Smith,jacquelinecook@example.net,001-657-831-3042x896,8294 Ryan Square Suite 590,Edwardhaven,Kansas,Australia,Oceania,60555,female
2000182,Noah,Patel,petersonnicholas@example.net,(630)879-0036x760,9592 Thompson Track Apt. 381,West Debbie,Iowa,Japan,Asia,80764,female
2000183,Lee,Stanton,normanpatrick@example.org,(951)708-5841x63503,7159 Melissa Isle Suite 004,Leeborough,AZ,USA,North America,40862,male
2000184,Jeffrey,Williams,ericwilliams@example.net,7905547759,4017 Charles Union Suite 577,Lake Sierraview,South Dakota,Australia,Oceania,67483,male
2000074,Brittany,Ochoa,wdavis@example.org,8719700230,0414 Jennifer Vista Suite 231,Lake Shawnmouth,Missouri,Japan,Asia,56163,male
2000075,John,Russell,vjimenez@example.net,867.726.6581,7223 Hoffman Well,Ochoastad,CO,USA,North America,56510,male
2000076,Louis,Rodriguez,michellemorris@example.com,+1-249-216-0836x2109,59570 Michele Pines Apt. 578,East Justin,Kentucky,Australia,Oceania,89658,male
2000077,Jacob,Wiley,bethgoodman@example.com,001-269-370-5900x4489,94780 Hernandez Expressway Apt. 134,Matthewtown,Washington,Australia,Oceania,71465,male
2000078,Stephen,Miles,danielblanchard@example.net,(585)400-8416x52560,95873 Johnson Islands,New Annaberg,Rhode Island,Japan,Asia,93305,male
2000079,James,Mercer,jprice@example.com,762-707-2731,6741 Andrea Harbors,South Jesse,MN,USA,North America,10309,male
2000080,Brittany,Fletcher,zperez@example.net,4143310167,36815 Bell Inlet,New Glenn,Iowa,Australia,Oceania,49110,male
2000081,Cynthia,Jones,shafferbrandon@example.org,(871)290-9021x7434,116 Wilson Stravenue Apt. 920,Griffintown,Oregon,Japan,Asia,75245,female
2000082,Dawn,Woods,lkim@example.com,866-605-4695,87590 Mason Trail Apt. 474,West Duanefurt,Arkansas,Japan,Asia,10753,female
2000083,Michael,Bruce,heather29@example.net,6983801852,04987 Bryant Throughway Apt. 223,West Tabitha,MS,USA,North America,24452,male
2000084,Donald,Perez,gregoryvictoria@example.net,736-938-6212,2012 Susan Street,Rosston,Oregon,Japan,Asia,58410,male
2000085,Jeff,Camacho,harringtonjohn@example.org,001-284-496-4437x501,312 Smith Keys,New Leahhaven,Massachusetts,Australia,Oceania,62432,female
2000086,Danielle,Lopez,laurabonilla@example.net,854-765-6900,06585 Huynh Trail,Olsenburgh,RI,USA,North America,21648,male
2000087,Steven,Gonzalez,christopher75@example.com,211-979-2220x0217,82638 Bailey Brooks,Dannyburgh,New Jersey,Australia,Oceania,18583,female
2000088,Shannon,Simmons,fowlerlisa@example.com,001-508-856-6927x3384,8917 Hill Lane,Smithfort,Ohio,Australia,Oceania,50221,male
2000089,Ashley,Garcia,yware@example.com,(535)876-0861,938 Antonio Pass Suite 852,Michaeltown,VI,USA,North America,25569,male
2000090,Susan,Holmes,brooksjohn@example.com,435-493-0652x10346,81391 Sullivan Bypass Suite 742,Lake Nicolefurt,GA,USA,North America,52822,female
2000091,Melissa,Thomas,patrickblevins@example.net,557.871.3228,53917 Smith Pass Suite 470,Perkinsburgh,Michigan,Australia,Oceania,71287,male
2000092,Katie,Brown,nathaniellowe@example.org,(297)639-5978,68433 Taylor Lake Apt. 403,New Matthew,South Carolina,Australia,Oceania,79671,female
2000093,Erika,Briggs,sherylbennett@example.com,426.284.2365x6611,462 Lucas Stream,West Albert,Arizona,Australia,Oceania,6815,female
2000094,Diana,Brown,bgriffin@example.com,(972)375-3361x34645,112 Tracy Spring Apt. 647,Thomasburgh,VI,USA,North America,74230,female
2000095,Randy,Molina,ricelaura@example.org,763.751.3297,0291 Courtney Pine,Travisburgh,Oregon,Australia,Oceania,38380,female
2000096,Joseph,Lutz,robbinskayla@example.net,001-783-219-2363x500,51527 Ross Causeway,East Cody,Arizona,Japan,Asia,12880,female
2000097,Robin,Mcclure,douglas89@example.com,477.624.3221x78256,512 Martinez Estates Suite 747,Erinshire,Delaware,Australia,Oceania,40666,male
2000098,Michelle,Kramer,sgarcia@example.com,001-328-787-1895x6726,288 Jessica Walks Apt. 560,South Karen,MI,USA,North America,5136,female
2000099,Amy,Carr,jamesevans@example.com,+1-636-276-9245,15192 Travis Loaf Suite 583,Jenniferborough,Michigan,Australia,Oceania,49458,male
2000100,Brenda,Becker,shenderson@example.com,889.202.3021x816,04159 Victor Stream,West Heatherfort,Arizona,Australia,Oceania,90186,male
2000101,Ryan,Johnson,robert09@example.net,(862)794-7854x5092,62594 Hardy Row,Lake Melaniemouth,New Mexico,Japan,Asia,1392,male
2000102,Alexander,Becker,pachecorachael@example.net,3016414445,6718 Zachary Field,Jeffreybury,HI,USA,North America,12363,female
2000103,Erika,Arnold,zmckee@example.net,509.559.5068x1928,3923 Reynolds Falls Apt. 525,South Brendan,Utah,Japan,Asia,27220,female
2000104,Jennifer,Wilson,vramirez@example.net,001-909-448-2940x1001,2050 Daniel Hill,North Kevin,Nevada,Japan,Asia,15613,female
2000105,Colleen,Singleton,jkelly@example.net,575-814-6142x836,6935 Loretta Tunnel Suite 821,Hayesshire,Montana,Japan,Asia,7523,male
2000106,Whitney,Miller,ktran@example.com,(994)511-0132,9723 David Forest Apt. 357,Stephentown,Oklahoma,Australia,Oceania,46723,male
2000107,Alyssa,Hansen,qpearson@example.com,(207)694-4334,2489 Lopez Village,Lake Alexis,IN,USA,North America,52912,male
2000108,Thomas,Gilmore,joanna59@example.net,226-205-5768,9642 Jones Pine Apt. 733,Lake John,Missouri,Japan,Asia,94541,male
2000109,Yesenia,Munoz,andrew44@example.org,(918)537-5506,73604 Stephanie Centers Apt. 934,Bergberg,Montana,Australia,Oceania,74263,female
2000110,Amanda,Davis,tim98@example.com,001-843-728-8154x441,3917 Morgan Harbors,Doughertyshire,Massachusetts,Australia,Oceania,94971,female
2000000,Jimmy,Cross,ejacobson@example.net,+1-219-830-7162x208,0203 Amber Cliffs Apt. 330,Huntburgh,AS,USA,North America,85109,female
2000001,Beth,Park,juliaflores@example.com,+1-928-749-9901,307 White Roads,Jacksonhaven,Oregon,Japan,Asia,74208,female
2000002,Amber,Kirk,william99@example.net,4516676624,4281 Teresa Island,Scottland,TX,USA,North America,30555,female
2000003,Charles,Parsons,hillkyle@example.com,(936)717-1247x77165,102 Wilson Canyon Apt. 344,Anthonyfurt,Hawaii,Australia,Oceania,94248,male
2000004,Charles,Gonzalez,jessica67@example.net,928-258-5958x9952,6844 Richard Fords,East Shannonland,PW,USA,North America,45527,male
2000005,Jared,Johnson,amy67@example.net,(690)957-6260x289,13910 Ray Mountains Suite 603,New Willieland,Kansas,Australia,Oceania,17081,female
2000006,Christopher,Miller,johnyates@example.net,(722)867-8863x37789,20110 Dalton Square Suite 177,Tonyaville,West Virginia,Japan,Asia,24296,female
2000007,Christopher,Garcia,zhangjohn@example.com,266.928.1866x8854,825 Erika Shoal Suite 862,Bakerside,Washington,Australia,Oceania,16133,male
2000008,Omar,Zamora,amandacooper@example.net,001-592-508-2320x46021,18122 Sandra Valley Apt. 827,East Julian,NJ,USA,North America,54414,female
2000009,Jacob,Lane,richard55@example.net,627-978-9352x59042,461 Sean Keys,Lake Michael,Hawaii,Australia,Oceania,48119,female
2000010,Virginia,Villegas,tara36@example.org,6787464880,1073 Garcia Extensions,South Ashleyborough,TX,USA,North America,6260,male
2000011,Matthew,Vega,ahurley@example.org,(903)430-1268x31367,30950 Miller Square,North Frankbury,Florida,Japan,Asia,44967,male
2000012,Wendy,Lawrence,reyesanne@example.net,001-290-388-5764,7518 Annette Cape,South Jennifer,Hawaii,Australia,Oceania,47303,male
2000013,Brian,Lewis,ojordan@example.net,+1-747-387-4800,8927 Potter Springs Suite 243,Paulton,Washington,Japan,Asia,16936,female
2000014,Katherine,Castillo,jessicabrewer@example.com,302.224.1765,595 Brian Island,Port Stefanieview,Kansas,Australia,Oceania,94078,female
2000015,Mitchell,Coleman,richard85@example.net,4239498259,7191 Rachael Union Apt. 342,Pamelastad,California,Japan,Asia,23055,female
2000016,Curtis,Crawford,evansstephanie@example.net,872-458-4685x7987,86649 Anthony Crest Suite 619,Cherylport,WA,USA,North America,18259,female
2000017,John,Hammond,joseph67@example.net,+1-354-967-4544x829,110 Michael Prairie Apt. 375,Kayleeville,New Mexico,Australia,Oceania,11593,female
2000018,Amanda,Davis,samuel09@example.net,(285)529-0686,273 Gray Rapids,East Kayla,California,Australia,Oceania,13303,female
2000019,Susan,Phillips,cody96@example.net,+1-427-348-6403x0965,13748 Rogers Pass,East Taylorshire,North Dakota,Japan,Asia,32986,male
2000020,Ian,Jones,williamsangela@example.org,930-972-1364x957,4025 Henderson Shore,Lake Douglasside,OR,USA,North America,84671,male
2000021,Jacob,Mcdaniel,allenpeter@example.net,6883619180,9635 Mcmillan Turnpike Suite 005,Shepherdville,Oklahoma,Japan,Asia,4478,female
2000022,Peter,Hill,gspencer@example.com,917.231.6390x48348,2447 Ward Mountains Apt. 197,Lake Jennifer,KY,USA,North America,48809,female
2000023,Tyler,Miller,brownryan@example.org,8709466946,63902 Rodriguez Lights,East Carolyn,Ohio,Australia,Oceania,67443,female
2000024,Ashley,Barnes,ewilson@example.org,857.586.0703x85498,038 Natalie View Suite 043,South Michaelberg,Wisconsin,Australia,Oceania,13073,female
2000025,Mark,White,yking@example.net,705-363-3588x05284,985 Schmidt Pass,Aliciafurt,MN,USA,North America,55076,male
2000026,Jeffrey,Jones,andrew38@example.org,983-821-8503,0399 Ellison Unions Apt. 838,East Jessica,ID,USA,North America,99518,male
2000027,Nathan,Lester,daniel68@example.org,(647)389-9389,3397 Chloe Ridges Apt. 445,Martinstad,Tennessee,Australia,Oceania,73774,female
2000028,Patrick,Nolan,ubrown@example.net,287.582.5666,15878 Cheryl Field,South Michele,Michigan,Japan,Asia,55097,female
2000029,Jennifer,Roth,donna88@example.org,657.915.7104x5531,5338 Harvey Well Suite 375,Dudleyberg,North Dakota,Australia,Oceania,2414,female
2000030,Jennifer,Martinez,perkinsmegan@example.com,001-900-474-8694x0617,37849 Graham Union,Lauraport,Virginia,Australia,Oceania,55223,female
2000031,Samuel,Haynes,xbowman@example.org,611.683.3874,19688 Jeffrey Loop Apt. 045,Lake Ryan,WV,USA,North America,73521,male
2000032,Eric,Torres,cameron10@example.com,(819)481-8400,599 George Curve,Jerryside,Mississippi,Japan,Asia,49688,male
2000033,James,Padilla,frankevan@example.com,+1-304-327-4921x41609,857 Parker Light Apt. 942,New Christopherhaven,Massachusetts,Australia,Oceania,62508,male
2000034,Ariel,Miller,sbowers@example.org,905.352.2355x027,7276 Michael Viaduct,Davisshire,New Mexico,Australia,Oceania,3900,male
2000035,Mark,Hawkins,dbooth@example.net,706.740.2900x278,628 Russo Squares,Marcusbury,MD,USA,North America,17687,female
2000036,Angela,Reed,ortizchristina@example.com,+1-426-431-9994x073,251 White Passage,Port Justin,Delaware,Australia,Oceania,99405,female
